Registration number,Legal name,Industry
12-3456780,ABC Finance Ltd,Mortgage Brokerage
12-3456790,Real Estate Dream Inc,Mortgage Brokerage
12-3456800,Derreck & Johns,Mortgage Brokerage
12-3456810,Samuel Patrick Sr,Mortgage Brokerage
12-3456820,Louis Davidson Jr,Mortgage Brokerage
12-3456830,Finance Real Estate Inc,Mortgage Brokerage
12-3456840,ZYX Brokerage Inc,Mortgage Brokerage
12-3456850,Mortgage Now !,Mortgage Brokerage
12-3456860,Loan and Mortgage Ltd,Mortgage Brokerage
12-3456870,David & Johnson ,Mortgage Brokerage
12-3456880,Marius Cohen & Co,Mortgage Brokerage
12-3456890,John Broderick Sr,Mortgage Brokerage
12-3456900,Beach Condos Inc,Mortgage Brokerage
12-3456910,Miami Financing Inc,Mortgage Brokerage
12-3456920,Fort Lauderdale FInancing Ltd,Mortgage Brokerage
12-3456930,Hello New World Ltd,Mortgage Brokerage
12-3456940,Kellam & Co,Mortgage Brokerage
12-3456950,Finance you dreams Ltd,Mortgage Brokerage
12-3456960,Anthony Rugazzelli,Mortgage Brokerage
12-3456970,Anthony Oliva,Mortgage Brokerage
12-3456980,Pedro Sanchez Oliveira,Mortgage Brokerage
12-3456990,Alexis Gomez & Mario Suarez,Mortgage Brokerage
12-3457000,Santiago Moreira da Souza,Mortgage Brokerage
12-3457010,Fidel Gomez ,Mortgage Brokerage
12-3457020,Mario & Co,Mortgage Brokerage
12-3457030,David Levy,Mortgage Brokerage
12-3457040,Arthur Rosenblum,Mortgage Brokerage
12-3457050,Miguel Abensour,Mortgage Brokerage
12-3457060,John Matthew Sr,Mortgage Brokerage
12-3457070,Beachhouse Financing,Mortgage Brokerage
12-3457080,Mortgage and More LLc,Mortgage Brokerage
12-3457090,Get your Mortgage now!,Mortgage Brokerage
12-3457100,Antonio De Oliveria Concei√ßao,Mortgage Brokerage
12-3457110,Lewis Havana,Mortgage Brokerage
12-3457120,Javier Castro & Son,Mortgage Brokerage
12-3457130,Lewis Haita & Co,Mortgage Brokerage
12-3457140,Ebenezer Rosenstein,Mortgage Brokerage
12-3457150,Pedro Salazar ,Mortgage Brokerage
12-3457160,Jim Everett,Mortgage Brokerage
12-3457170,Real Estate Miami,Mortgage Brokerage
12-3457180,Florida Financing LLC,Mortgage Brokerage
12-3457190,Florida Real Estate,Mortgage Brokerage
12-3457200,Florida Condos,Mortgage Brokerage
12-3457210,Florida Mortgage Ltd,Mortgage Brokerage
12-3457220,Fort Lauderdale Real Estate LLC,Mortgage Brokerage
12-3457230,Florida Beaches Mortgage,Mortgage Brokerage
12-3457240,Sunset Finance,Mortgage Brokerage
12-3457250,Sunset Mortgage,Mortgage Brokerage
12-3457260,Sunset Negociation,Mortgage Brokerage
23-4567890,Sunset Loans,Mortgage Brokerage
23-4567900,Sunny Financing,Mortgage Brokerage
23-4567910,Sunny Loans ,Mortgage Brokerage
23-4567920,Sunny Mortgage,Mortgage Brokerage
23-4567930,Sunny Beach Finance,Mortgage Brokerage
23-4567940,Sunny Beach Real Estate Financing,Mortgage Brokerage
23-4567950,Sunny Beach Condos Mortgage,Mortgage Brokerage
23-4567960,Sunny Beachhouse finance,Mortgage Brokerage
23-4567970,Matthew Broderick Sr,Mortgage Brokerage
23-4567980,Luigi Capo d'Istria,Mortgage Brokerage
23-4567990,Anthony Gonzalez,Mortgage Brokerage
23-4568000,Joseph Augustus ,Mortgage Brokerage
23-4568010,Karen Polaco,Mortgage Brokerage
23-4568020,Janet Moore & Co,Mortgage Brokerage
23-4568030,Solar y Playa Ltd,Mortgage Brokerage
23-4568040,Solar y Playa Finance LTd,Mortgage Brokerage
23-4568050,Sol y Arena Finance,Mortgage Brokerage
23-4568060,Sol y Arena Real Estate,Mortgage Brokerage
23-4568070,Sol y Arena Inc,Mortgage Brokerage
23-4568080,Sol y Arena Mortgage,Mortgage Brokerage
23-4568090,Isabella Sanches,Mortgage Brokerage
23-4568100,Isabella Cardozo,Mortgage Brokerage
23-4568110,Karen Cardozo,Mortgage Brokerage
23-4568120,Aldo Peruzzi,Mortgage Brokerage
23-4568130,Giacomo Battistuta,Mortgage Brokerage
23-4568140,Gabriele Natale,Mortgage Brokerage
23-4568150,Gennaro Esposito,Mortgage Brokerage
23-4568160,Karen Rubinstein,Mortgage Brokerage
23-4568170,Sunshine Real Estate,Mortgage Brokerage
23-4568180,Sunshine FInance Ltd,Mortgage Brokerage
23-4568190,Sunshine Mortgage Ltd,Mortgage Brokerage
23-4568200,Sunshine Condos !,Mortgage Brokerage
23-4568210,Cubana Mortgage ltd,Mortgage Brokerage
23-4568220,Cubana Real Estate,Mortgage Brokerage
23-4568230,Cubana Finance Ltd,Mortgage Brokerage
23-4568240,Florida Bay Mortgage,Mortgage Brokerage
23-4568250,Florida Real Estate,Mortgage Brokerage
23-4568260,Florida Finance Ltd,Mortgage Brokerage
23-4568270,Johnson & Sons,Mortgage Brokerage
23-4568280,Louis & Co,Mortgage Brokerage
23-4568290,John Mortgage Ltd,Mortgage Brokerage
23-4568300,John Real Estate Ltd,Mortgage Brokerage
23-4568310,John Real Estate Financing,Mortgage Brokerage
23-4568320,John Loan Finance,Mortgage Brokerage
23-4568330,Patrick Newman Sr,Mortgage Brokerage
23-4568340,Mortgage Franchise Florida,Mortgage Brokerage
23-4568350,Real Estate Franchise Miami,Mortgage Brokerage
23-4568360,Real Estate Franchise Fort Lauderdale,Mortgage Brokerage
23-4568370,Brokerage Florida,Mortgage Brokerage
23-4568380,Brokerage Miami,Mortgage Brokerage
23-4568390,Brokerage Key Biscayne,Mortgage Brokerage
23-4568400,Brokerage Venice,Mortgage Brokerage
23-4568410,Miami Beach Loans,Mortgage Brokerage
23-4568420,Miami Beach Real Estate Finance,Mortgage Brokerage
23-4568430,Miami Beach Mortgage,Mortgage Brokerage
23-4568440,Miami Beach Franchise ,Mortgage Brokerage
23-4568450,Diego Johnson,Mortgage Brokerage
23-4568460,Michael Rodriguez & Sons,Mortgage Brokerage
23-4568470,Julius Cesar Sr,Mortgage Brokerage
23-4568480,Brutus Scorpius Ltd,Mortgage Brokerage
23-4568490,Real Estate & Co Miami,Mortgage Brokerage
23-4568500,Real Estate & Co Florida,Mortgage Brokerage
23-4568510,Real Estate & Co Ft Lauderdale,Mortgage Brokerage
23-4568520,Mortgage & Co Miami,Mortgage Brokerage
23-4568530,Mortgage & Co Floridi,Mortgage Brokerage
23-4568540,Mortgage & Co Ft Lauderdale,Mortgage Brokerage
23-4568550,Mortgage Finance & Co,Mortgage Brokerage
23-4568560,Immobiliar de Florida Inc,Mortgage Brokerage
23-4568570,Immobiliar Financia Ltd,Mortgage Brokerage
23-4568580,Financia de Florida Ltd,Mortgage Brokerage
23-4568590,Malcom Jackson,Mortgage Brokerage
23-4568600,Donald Rumsteack,Mortgage Brokerage
23-4568610,Anatoly Pedro Liev,Mortgage Brokerage
23-4568620,Malo Ourtagata & Son,Mortgage Brokerage
23-4568630,Delphine Caylus,Mortgage Brokerage
23-4568640,Ruben Jackson & Ado Malcione,Mortgage Brokerage
23-4568650,Gareth Balovitch,Mortgage Brokerage
23-4568660,Bernie & Bernie Ltd,Mortgage Brokerage
23-4568670,Bernie & Jackson Ltd,Mortgage Brokerage
23-4568680,Jackson & Malcom LLC,Mortgage Brokerage
23-4568690,Minor Swing Ltd,Mortgage Brokerage
23-4568700,Minor Swing Financing Ltd,Mortgage Brokerage
23-4568710,Minor Swing Real Estate LLC,Mortgage Brokerage
23-4568720,Ted & Mario Kazo Llc,Mortgage Brokerage
23-4568730,Giorgi Mezournitch Ltd,Mortgage Brokerage
23-4568740,Oliva Finance,Mortgage Brokerage
23-4568750,Oliva Real Estate,Mortgage Brokerage
23-4568760,Oliva Mortgage,Mortgage Brokerage
23-4568770,Kellam Real Estate,Mortgage Brokerage
23-4568780,Kellam Mortgage,Mortgage Brokerage
23-4568790,Kellam Finance,Mortgage Brokerage
23-4568800,Kellam Loans,Mortgage Brokerage
23-4568810,Pobiak Real Estate,Mortgage Brokerage
23-4568820,Pobiak Mortgage,Mortgage Brokerage
23-4568830,Pobiak Finance,Mortgage Brokerage
23-4568840,Pobiak Loans,Mortgage Brokerage
23-4568850,Cayla Real Estate,Mortgage Brokerage
23-4568860,Cayla Mortgage,Mortgage Brokerage
23-4568870,Cayla Finance,Mortgage Brokerage
23-4568880,Cayla Loans,Mortgage Brokerage
23-4568890,Cayla Franchise Ltd,Mortgage Brokerage
23-4568900,Cayla Financing NOW !,Mortgage Brokerage